AGE,Unnamed: 1
"[17,19]",0.042431
"[20,24]",0.085112
"[25,29]",0.09828
"[30,34]",0.093321
"[35,39]",0.088327
"[40,44]",0.091572
"[45,49]",0.09631
"[50,54]",0.08874
"[55,59]",0.0754
"[60,64]",0.065394
"[65,114]",0.175115
